<?xml version="1.0" encoding="UTF-8"?>
<project><fileHeader companyName="Emerson" productName="PAC Machine Edition" productVersion="10.1" creationDateTime="2024-01-10 11:51:46" savedBy="10.1.9647" lastModifiedBy="user"/><protected>0</protected><targets><target name="Target2"><type>Windows PC</type><model>View</model></target><target name="Target1"><type>Controller</type><model>PACSystems RSTi-EP Standalone</model></target><target name="test_29"><type>Controller</type><model>PACSystems RSTi-EP Standalone</model></target></targets></project>
